Company,Account,2012,2013,2014,2015,2016,2017,2018,2019,2020,2021,2022
AAPL,CURRENT ASSETS,57653.00,73286.00,68531.00,89378.00,106869.00,128645.00,131339.00,162819.00,143713.00,134836.00,135405.00
ABT,CURRENT ASSETS,31322.58,19247.00,15261.00,14155.00,26776.00,20147.00,14632.00,15667.00,20441.00,24239.00,25224.00
ACN,CURRENT ASSETS,12587.93,11844.18,11904.44,11579.39,11976.22,12097.29,13585.56,15450.60,17749.76,19666.51,21610.87
AEP,CURRENT ASSETS,4589.00,4310.00,4478.00,4072.40,6033.90,4253.10,4113.90,4077.80,4351.50,7809.20,9418.70
AMGN,CURRENT ASSETS,31209.00,27367.00,34713.00,38518.00,46010.00,49476.00,37618.00,18440.00,21144.00,19385.00,22186.00
APTV,CURRENT ASSETS,5227.00,5752.00,5224.00,5121.00,5419.00,5641.00,4777.00,5319.00,7465.00,8436.00,7784.00
ASML,CURRENT ASSETS,7689.87,9680.54,8647.62,8369.79,9029.80,10828.22,12057.37,13613.31,19201.80,20688.18,24650.43
ATO,CURRENT ASSETS,827.96,683.27,775.84,630.99,681.69,539.65,478.85,458.03,471.26,2838.72,3047.69
BA,CURRENT ASSETS,57309.00,65074.00,67785.00,68234.00,62488.00,65161.00,87830.00,102229.00,121642.00,108666.00,109523.00
BKNG,CURRENT ASSETS,5682.38,7480.94,5267.37,3553.24,5401.52,9034.81,8407.00,9833.00,12206.00,13145.00,15798.00
BWA,CURRENT ASSETS,2472.80,2798.50,2970.80,3135.30,2911.60,3543.20,3804.60,3836.00,6167.00,6597.00,6617.00
CAT,CURRENT ASSETS,42524.00,38335.00,38867.00,34418.00,31967.00,36244.00,38603.00,39193.00,39464.00,43455.00,43785.00
DIS,CURRENT ASSETS,13709.00,14109.00,15176.00,16758.00,16966.00,15889.00,16825.00,28124.00,35251.00,33657.00,29098.00
CLX,CURRENT ASSETS,1376.00,1420.00,1395.00,1429.00,1485.00,1514.00,1311.00,1305.00,2020.00,1829.00,1725.00
CMI,CURRENT ASSETS,7167.00,8639.00,9055.00,7947.00,7707.00,8928.00,9818.00,9387.00,11897.00,12309.00,14451.00
COP,CURRENT ASSETS,23989.00,19023.00,15068.00,8789.00,8609.00,16512.00,13274.00,16913.00,12066.00,16050.00,18749.00
COST,CURRENT ASSETS,13526.00,15840.00,17588.00,17299.00,15218.00,17317.00,20289.00,23485.00,28120.00,29505.00,32696.00
CSCO,CURRENT ASSETS,61933.00,65521.00,67114.00,76283.00,78719.00,83703.00,61837.00,47755.00,43573.00,39112.00,36717.00
CSX,CURRENT ASSETS,2801.00,2602.00,2572.00,2966.00,2487.00,1915.00,2565.00,3278.00,4441.00,3873.00,3849.00
CVS,CURRENT ASSETS,19852.00,25325.00,25983.00,30378.00,31042.00,31229.00,45243.00,50302.00,56369.00,60008.00,65682.00
CVX,CURRENT ASSETS,55720.00,50250.00,42232.00,35347.00,29619.00,28560.00,34021.00,28329.00,26078.00,33738.00,50343.00
D,CURRENT ASSETS,5140.00,5940.00,5615.00,4191.00,4248.00,4334.00,5161.00,6088.00,6886.00,7269.00,9850.00
DPZ,CURRENT ASSETS,306.27,351.54,428.36,602.64,495.87,579.78,566.95,787.62,869.38,860.54,790.65
DUK,CURRENT ASSETS,10122.00,10516.00,11575.00,8322.00,8039.00,8453.00,9714.00,9163.00,8682.00,9940.00,13222.00
EBAY,CURRENT ASSETS,21398.00,23283.00,26531.00,7904.00,8875.00,7743.00,7126.00,4706.00,7190.00,9111.00,9290.00
EOG,CURRENT ASSETS,3589.88,4072.02,5416.02,2592.24,3554.60,3279.11,5057.39,5273.34,5862.17,8584.00,10475.00
EW,CURRENT ASSETS,1291.90,1725.80,2294.60,2047.90,2240.00,2532.10,2286.90,2984.00,3091.00,3180.70,3095.80
T,CURRENT ASSETS,22706.00,23196.00,32028.00,35992.00,38369.00,79146.00,51427.00,54761.00,52008.00,59997.00,33108.00
GD,CURRENT ASSETS,272315.00,277787.00,292829.00,402672.00,403821.00,444097.00,531864.00,551669.00,525761.00,551622.00,402853.00
PEP,CURRENT ASSETS,18720.00,22203.00,20663.00,23031.00,27089.00,31027.00,21893.00,17645.00,23001.00,21783.00,21539.00
GILD,CURRENT ASSETS,6156.35,7273.75,17714.00,24763.00,20445.00,31823.00,35836.00,30296.00,15996.00,14772.00,14443.00
GM,CURRENT ASSETS,69996.00,81501.00,83670.00,78007.00,76203.00,68744.00,75293.00,74992.00,80924.00,82103.00,100451.00
HCA,CURRENT ASSETS,7763.00,8037.00,8930.00,9232.00,9086.00,9977.00,10213.00,11196.00,12333.00,13542.00,13643.00
HES,CURRENT ASSETS,8387.00,8599.00,6687.00,4404.00,4276.00,6157.00,4459.00,3156.00,3081.00,4346.00,3931.00
HII,CURRENT ASSETS,2484.00,2676.00,2546.00,2284.00,2142.00,2195.00,1745.00,1785.00,2444.00,2790.00,2746.00
HON,CURRENT ASSETS,17598.00,21164.00,22191.00,20053.00,23058.00,26002.00,24362.00,24303.00,28175.00,25372.00,24982.00
INTC,CURRENT ASSETS,31358.00,32084.00,27730.00,40356.00,35508.00,29500.00,28787.00,31239.00,47249.00,57718.00,50407.00
JNJ,CURRENT ASSETS,46116.00,56407.00,59311.00,60210.00,65032.00,43088.00,46033.00,45274.00,51237.00,60979.00,55294.00
LLY,CURRENT ASSETS,13038.70,13104.70,12179.80,12573.60,15101.40,19202.10,20549.60,13709.60,17462.10,18452.40,18034.50
IPG,CURRENT ASSETS,8738.30,8084.00,7810.20,7693.10,7438.00,7464.10,8182.90,8770.70,9367.60,11231.80,10325.20
MMM,CURRENT ASSETS,13630.00,12733.00,11765.00,10986.00,11726.00,14277.00,13709.00,12971.00,14982.00,15403.00,14688.00
MSFT,CURRENT ASSETS,85084.00,101466.00,114246.00,124712.00,139660.00,159851.00,169662.00,175552.00,181915.00,184406.00,169684.00
NVDA,CURRENT ASSETS,4775.26,5624.71,5713.30,6053.00,8536.00,9255.00,10557.00,13690.00,16055.00,28829.00,23073.00
NVO,CURRENT ASSETS,7100.33,7771.11,7523.16,8023.52,8482.02,9700.81,9059.40,9379.48,10644.86,13092.67,15545.31
NFLX,CURRENT ASSETS,2240.79,3058.76,3940.47,5431.84,5720.29,7669.97,9694.14,6178.50,9761.58,8069.83,9266.47
PFE,CURRENT ASSETS,61415.00,56244.00,57702.00,43804.00,38949.00,41142.00,49926.00,32803.00,35067.00,59693.00,51259.00
VZ,CURRENT ASSETS,21235.00,70994.00,29623.00,22280.00,26395.00,29913.00,34636.00,37473.00,54594.00,36728.00,37857.00
AZO,CURRENT ASSETS,2978.95,3278.01,3580.61,3970.29,4239.57,4611.26,4635.87,5028.69,6811.87,6415.30,6627.98
UNH,CURRENT ASSETS,21052.00,20380.00,23556.00,31639.00,33879.00,37084.00,38692.00,42634.00,53718.00,61758.00,69069.00
XOM,CURRENT ASSETS,64460.00,59308.00,52910.00,42623.00,41416.00,47134.00,47973.00,50052.00,44893.00,59154.00,97631.00
AAPL,TOTAL ASSETS,176064.00,207000.00,231839.00,290479.00,321686.00,375319.00,365725.00,338516.00,323888.00,351002.00,352755.00
ABT,TOTAL ASSETS,67234.94,42953.00,41275.00,41247.00,52666.00,76250.00,67173.00,67887.00,72548.00,75196.00,74438.00
ACN,TOTAL ASSETS,16665.42,16867.05,17930.45,18266.06,20609.00,22689.89,24449.08,29789.88,37078.59,43175.84,47263.39
AEP,TOTAL ASSETS,54367.00,56414.00,59633.00,61683.10,63467.70,64729.10,68802.80,75892.30,80757.20,87668.70,93469.40
AMGN,TOTAL ASSETS,54298.00,66125.00,69009.00,71576.00,77626.00,79954.00,66416.00,59707.00,62948.00,61165.00,65121.00
APTV,TOTAL ASSETS,10176.00,11047.00,10746.00,11973.00,12292.00,12169.00,12480.00,13459.00,17522.00,18007.00,21884.00
ASML,TOTAL ASSETS,9771.46,15864.77,14767.99,14437.07,18155.73,21875.71,23054.69,25394.55,32867.74,34382.49,38795.77
ATO,TOTAL ASSETS,7495.68,7940.40,8594.70,9092.95,10010.89,10749.60,11874.44,13367.62,15359.03,19608.66,22192.99
BA,TOTAL ASSETS,88896.00,92663.00,99198.00,94408.00,89997.00,92333.00,117359.00,133625.00,152136.00,138552.00,137100.00
BKNG,TOTAL ASSETS,6569.74,10444.46,14940.56,17420.58,19838.97,25451.26,22687.00,21402.00,21874.00,23641.00,25361.00
BWA,TOTAL ASSETS,6400.80,6917.00,7228.00,8841.50,8834.70,9787.60,10095.30,9702.00,16029.00,16575.00,16994.00
CAT,TOTAL ASSETS,89356.00,84896.00,84681.00,78497.00,74704.00,76962.00,78509.00,78453.00,78324.00,82793.00,81943.00
DIS,TOTAL ASSETS,74898.00,81241.00,84186.00,88182.00,92033.00,95789.00,98598.00,193984.00,201549.00,203609.00,203631.00
CLX,TOTAL ASSETS,4355.00,4311.00,4258.00,4164.00,4518.00,4573.00,5060.00,5116.00,6213.00,6334.00,6158.00
CMI,TOTAL ASSETS,12548.00,14728.00,15776.00,15134.00,15011.00,18075.00,19062.00,19737.00,22624.00,23710.00,30299.00
COP,TOTAL ASSETS,117144.00,118057.00,116539.00,97484.00,89772.00,73362.00,69980.00,70514.00,62618.00,90661.00,93829.00
COST,TOTAL ASSETS,27140.00,30283.00,33024.00,33440.00,33163.00,36347.00,40830.00,45400.00,55556.00,59268.00,64166.00
CSCO,TOTAL ASSETS,91759.00,101191.00,105134.00,113481.00,121652.00,129818.00,108784.00,97793.00,94853.00,97497.00,94002.00
CSX,TOTAL ASSETS,30571.00,31782.00,33053.00,35039.00,35414.00,35739.00,36729.00,38257.00,39793.00,40531.00,41912.00
CVS,TOTAL ASSETS,65912.00,71526.00,74252.00,93657.00,94462.00,95131.00,196456.00,222449.00,230715.00,232999.00,228275.00
CVX,TOTAL ASSETS,232982.00,253753.00,266026.00,266103.00,260078.00,253806.00,253863.00,237428.00,239790.00,239535.00,257709.00
D,TOTAL ASSETS,46838.00,50096.00,54327.00,58797.00,71610.00,76585.00,77914.00,103823.00,95905.00,99590.00,104243.00
DPZ,TOTAL ASSETS,478.20,525.26,619.28,799.85,716.30,836.75,907.39,1382.09,1567.17,1671.82,1602.22
DUK,TOTAL ASSETS,113856.00,114779.00,120709.00,121156.00,132761.00,137914.00,145392.00,158838.00,162388.00,169587.00,178261.00
EBAY,TOTAL ASSETS,37074.00,41488.00,45132.00,17785.00,23847.00,25981.00,22819.00,18174.00,19310.00,26626.00,20850.00
EOG,TOTAL ASSETS,27336.58,30574.24,34762.69,26975.24,29459.43,29833.08,33934.47,37124.61,35804.60,38236.00,41371.00
EW,TOTAL ASSETS,2221.50,2724.70,3524.30,4059.30,4510.00,5695.80,5323.70,6488.10,7237.10,8502.60,8292.50
T,TOTAL ASSETS,272315.00,277787.00,292829.00,402672.00,403821.00,444097.00,531864.00,551669.00,525761.00,551622.00,402853.00
GD,TOTAL ASSETS,34309.00,35448.00,35355.00,31997.00,32872.00,35046.00,45408.00,48841.00,51308.00,50073.00,51585.00
PEP,TOTAL ASSETS,74638.00,77478.00,70509.00,69667.00,74129.00,79804.00,77648.00,78547.00,92918.00,92377.00,92187.00
GILD,TOTAL ASSETS,21239.84,22496.79,34664.00,51839.00,56977.00,70283.00,63675.00,61627.00,68407.00,67952.00,63171.00
GM,TOTAL ASSETS,149422.00,166344.00,177677.00,194520.00,221690.00,212482.00,227339.00,228037.00,235194.00,244718.00,264037.00
HCA,TOTAL ASSETS,28075.00,28831.00,31199.00,32744.00,33758.00,36593.00,39207.00,45058.00,47490.00,50742.00,52438.00
HES,TOTAL ASSETS,43441.00,42754.00,38578.00,34195.00,28621.00,23112.00,21433.00,21782.00,18821.00,20515.00,21695.00
HII,TOTAL ASSETS,6392.00,6225.00,6269.00,6024.00,6352.00,6374.00,6383.00,7031.00,8157.00,10627.00,10857.00
HON,TOTAL ASSETS,41853.00,45435.00,45451.00,49316.00,54146.00,59387.00,57773.00,58679.00,64586.00,64470.00,62275.00
INTC,TOTAL ASSETS,84351.00,92358.00,91956.00,103065.00,113327.00,123249.00,127963.00,136524.00,153091.00,168406.00,182103.00
JNJ,TOTAL ASSETS,121347.00,132683.00,131119.00,133411.00,141208.00,157303.00,152954.00,157728.00,174894.00,182018.00,187378.00
LLY,TOTAL ASSETS,34398.90,35248.70,37178.20,35568.90,38805.90,44981.00,43908.40,39286.10,46633.10,48806.00,49489.80
IPG,TOTAL ASSETS,13493.90,12905.00,12747.20,12585.10,12485.20,12695.20,15620.30,17751.90,18042.70,19909.20,18845.00
MMM,TOTAL ASSETS,33876.00,33550.00,31269.00,32718.00,32906.00,37987.00,36500.00,44659.00,47344.00,47072.00,46455.00
MSFT,TOTAL ASSETS,121271.00,142431.00,172384.00,176223.00,193694.00,241086.00,258848.00,286556.00,301311.00,333779.00,364840.00
NVDA,TOTAL ASSETS,6412.25,7250.89,7201.37,7370.00,9841.00,11241.00,13292.00,17315.00,28791.00,44187.00,41182.00
NVO,TOTAL ASSETS,11609.48,12996.25,12523.48,13357.83,13842.78,16526.73,16989.19,18864.09,23441.70,29752.08,34663.79
NFLX,TOTAL ASSETS,3967.89,5412.56,7056.65,10202.87,13586.61,19012.74,25974.40,33975.71,39280.36,44584.66,48594.77
PFE,TOTAL ASSETS,185798.00,172101.00,169274.00,167460.00,171615.00,171797.00,159422.00,167489.00,154229.00,181476.00,197205.00
VZ,TOTAL ASSETS,225222.00,274098.00,232708.00,244640.00,244180.00,257143.00,264829.00,291727.00,316481.00,366596.00,379680.00
AZO,TOTAL ASSETS,6265.64,6892.09,7517.86,8102.35,8599.79,9259.78,9346.98,9895.91,14423.87,14516.20,15275.04
UNH,TOTAL ASSETS,80885.00,81882.00,86382.00,111383.00,122810.00,139058.00,152221.00,173889.00,197289.00,212206.00,245705.00
XOM,TOTAL ASSETS,333795.00,346808.00,349493.00,336758.00,330314.00,348691.00,346196.00,362597.00,332750.00,338923.00,369067.00
AAPL,Sales (Net),156508.00,170910.00,182795.00,233715.00,215091.00,229234.00,265359.00,260174.00,274515.00,365817.00,394328.00
ABT,Sales (Net),39873.91,21848.00,20247.00,20405.00,20853.00,27390.00,30578.00,31904.00,34608.00,43075.00,43653.00
ACN,Sales (Net),29777.99,30394.29,31874.68,32914.42,34797.66,36765.48,41603.43,43215.01,44327.04,50533.39,61594.31
AEP,Sales (Net),14945.00,15357.00,17020.00,16453.20,16380.10,15424.90,16195.70,15561.40,14918.50,16792.00,19639.50
AMGN,Sales (Net),17265.00,18676.00,20063.00,21662.00,22991.00,22849.00,23747.00,23362.00,25424.00,25979.00,26323.00
APTV,Sales (Net),15519.00,16463.00,17023.00,15165.00,16661.00,12884.00,14435.00,14357.00,13066.00,15618.00,17489.00
ASML,Sales (Net),6239.03,7227.54,7086.68,6827.46,7169.82,10883.28,12529.76,13264.20,16849.49,21166.77,22628.91
ATO,Sales (Net),3438.48,3886.26,4940.92,4142.14,3349.95,2759.74,3115.55,2901.85,2821.14,3407.49,4201.66
BA,Sales (Net),81698.00,86623.00,90762.00,96114.00,94571.00,93392.00,101127.00,84818.00,58656.00,62272.00,66608.00
BKNG,Sales (Net),5260.96,6793.31,8441.97,9223.99,10743.01,12681.08,14527.00,15066.00,6840.00,10958.00,17090.00
BWA,Sales (Net),7183.20,7436.60,8305.10,8023.20,9071.00,9799.30,10529.60,10168.00,10165.00,14838.00,15801.00
CAT,Sales (Net),65875.00,55656.00,55184.00,47011.00,38537.00,45462.00,54722.00,53800.00,41748.00,50971.00,59427.00
DIS,Sales (Net),42278.00,45041.00,48813.00,52465.00,55632.00,55137.00,59434.00,69570.00,65388.00,67418.00,83745.00
CLX,Sales (Net),5468.00,5623.00,5591.00,5655.00,5761.00,5973.00,6124.00,6214.00,6721.00,7341.00,7107.00
CMI,Sales (Net),17352.00,17321.00,19255.00,19110.00,17509.00,20428.00,23771.00,23571.00,19811.00,24021.00,28074.00
COP,Sales (Net),57967.00,54413.00,52524.00,29564.00,23693.00,29106.00,36417.00,32567.00,18784.00,45960.00,78494.00
COST,Sales (Net),99137.00,105156.00,112640.00,116199.00,118719.00,129025.00,141576.00,152703.00,166761.00,195929.00,226954.00
CSCO,Sales (Net),46061.00,48607.00,47142.00,49161.00,49247.00,48005.00,49330.00,51904.00,49301.00,49818.00,51557.00
CSX,Sales (Net),11756.00,12026.00,12669.00,11811.00,11069.00,11408.00,12250.00,11937.00,10583.00,12522.00,14853.00
CVS,Sales (Net),123133.00,126761.00,139367.00,153290.00,177526.00,184765.00,194579.00,256776.00,268399.00,292111.00,322467.00
CVX,Sales (Net),222580.00,211664.00,192308.00,122566.00,103310.00,127485.00,158902.00,139865.00,94471.00,155606.00,235717.00
D,Sales (Net),13093.00,13120.00,12436.00,11683.00,11737.00,12586.00,13581.00,16572.00,14172.00,13964.00,17174.00
DPZ,Sales (Net),1678.44,1802.22,1993.83,2216.53,2472.63,2787.98,3432.87,3618.77,4117.41,4357.37,4537.16
DUK,Sales (Net),19624.00,24549.00,23930.00,23459.00,22754.00,23565.00,24521.00,25079.00,24020.00,25069.00,28814.00
EBAY,Sales (Net),14072.00,16047.00,17902.00,8592.00,8979.00,9567.00,10746.00,10800.00,10271.00,10420.00,9795.00
EOG,Sales (Net),11448.81,14233.05,17473.51,8718.32,7363.39,11225.81,17011.20,17122.00,11017.98,18517.00,25510.00
EW,Sales (Net),1899.60,2045.50,2322.90,2493.70,2963.70,3435.30,3722.80,4348.00,4386.30,5232.50,5382.40
T,Sales (Net),127434.00,128752.00,132447.00,146801.00,163763.00,160789.00,170805.00,181265.00,171760.00,168864.00,120741.00
GD,Sales (Net),31682.00,31218.00,30852.00,31469.00,31353.00,30973.00,36193.00,39350.00,37925.00,38469.00,39407.00
PEP,Sales (Net),65492.00,66415.00,66683.00,63056.00,62799.00,63525.00,64661.00,67161.00,70372.00,79474.00,86392.00
GILD,Sales (Net),9702.52,11201.69,24890.00,32639.00,30390.00,26107.00,22127.00,22449.00,24689.00,27305.00,27281.00
GM,Sales (Net),152256.00,155427.00,155929.00,152356.00,166380.00,145588.00,147049.00,137237.00,122485.00,127004.00,156735.00
HCA,Sales (Net),33013.00,34182.00,36918.00,39678.00,41490.00,43614.00,46677.00,51336.00,51533.00,58752.00,60233.00
HES,Sales (Net),37691.00,22284.00,10737.00,6636.00,4762.00,5466.00,6323.00,6495.00,4667.00,7473.00,11324.00
HII,Sales (Net),6708.00,6820.00,6957.00,7033.00,7068.00,7441.00,8176.00,8899.00,9361.00,9524.00,10676.00
HON,Sales (Net),37665.00,39055.00,40306.00,38581.00,39302.00,40534.00,41802.00,36709.00,32637.00,34392.00,35466.00
INTC,Sales (Net),53341.00,52708.00,55870.00,55355.00,59387.00,62761.00,70848.00,71965.00,77867.00,79024.00,63054.00
JNJ,Sales (Net),67224.00,71312.00,74331.00,70074.00,71890.00,76450.00,81581.00,82059.00,82584.00,93775.00,94943.00
LLY,Sales (Net),22603.40,23113.10,19615.60,19958.70,21222.10,22871.30,24555.70,22319.50,24539.80,28318.40,28541.40
IPG,Sales (Net),6956.20,7122.30,7537.10,7613.80,7846.60,7882.40,9714.40,10221.30,9061.00,10240.70,10927.80
MMM,Sales (Net),29904.00,30871.00,31821.00,30274.00,30109.00,31657.00,32765.00,32136.00,32184.00,35355.00,34229.00
MSFT,Sales (Net),73723.00,77849.00,86451.00,93580.00,85320.00,89950.00,110360.00,125843.00,143015.00,168088.00,198270.00
NVDA,Sales (Net),4280.16,4130.16,4681.51,5010.00,6910.00,9714.00,11716.00,10918.00,16675.00,26914.00,26974.00
NVO,Sales (Net),13794.04,15441.70,14432.02,15704.64,15863.87,18034.97,17152.08,18324.80,20534.01,21536.87,25424.74
NFLX,Sales (Net),3609.28,4374.56,5504.66,6779.51,8830.67,11692.71,15794.34,20156.45,24996.06,29697.84,31615.55
PFE,Sales (Net),58986.00,51584.00,49605.00,48851.00,52824.00,52546.00,53647.00,51750.00,41908.00,81288.00,100330.00
VZ,Sales (Net),115846.00,120550.00,127079.00,131620.00,125980.00,126034.00,130863.00,131868.00,128292.00,133613.00,136835.00
AZO,Sales (Net),8603.86,9147.53,9475.31,10187.34,10635.68,10888.68,11221.08,11863.74,12631.97,14629.59,16252.23
UNH,Sales (Net),110618.00,122489.00,130474.00,157107.00,184840.00,201159.00,226247.00,242155.00,257141.00,287597.00,324162.00
XOM,Sales (Net),420714.00,390247.00,364763.00,236810.00,197518.00,237162.00,279332.00,255583.00,178574.00,276692.00,398675.00
AAPL,Retained Earnings (Net Other),101788.00,103785.00,88234.00,91939.00,96998.00,98180.00,66946.00,45314.00,14560.00,5725.00,-14177.00
ABT,Retained Earnings (Net Other),20557.32,19967.00,17821.00,19099.00,18302.00,17916.00,16974.00,17382.00,18681.00,23154.00,27206.00
ACN,Retained Earnings (Net Other),7226.09,9017.10,10886.18,12058.04,6218.24,5987.07,6376.24,8580.96,10813.70,12569.25,16013.50
AEP,Retained Earnings (Net Other),5899.00,6651.00,7303.00,8271.20,7736.10,8558.90,9204.90,9753.20,10602.70,11851.90,12429.30
AMGN,Retained Earnings (Net Other),-10277.00,-7795.00,-4632.00,-2566.00,-909.00,-5751.00,-18746.00,-21858.00,-22393.00,-25396.00,-28853.00
APTV,Retained Earnings (Net Other),619.00,1209.00,807.00,594.00,765.00,1647.00,1817.00,2171.00,4005.00,4405.00,4817.00
ASML,Retained Earnings (Net Other),5288.04,5972.06,5881.76,6251.13,7263.66,8971.78,10856.95,10999.19,13151.85,9838.78,10126.33
ATO,Retained Earnings (Net Other),613.33,814.15,905.58,963.70,1074.51,1361.77,1794.47,2037.43,2413.43,2882.48,3580.27
BA,Retained Earnings (Net Other),12621.00,23070.00,22277.00,26008.00,27091.00,31944.00,40858.00,34491.00,21477.00,22749.00,19923.00
BKNG,Retained Earnings (Net Other),2344.94,4303.48,6380.60,9436.72,11192.17,14175.85,18051.00,23041.00,23170.00,24309.00,27274.00
BWA,Retained Earnings (Net Other),2489.90,3163.40,3333.50,3599.90,3493.10,4041.00,4662.00,5215.00,5645.00,6120.00,6578.00
CAT,Retained Earnings (Net Other),23125.00,27956.00,27456.00,27211.00,25338.00,25109.00,28743.00,32870.00,34279.00,37729.00,41057.00
DIS,Retained Earnings (Net Other),39699.00,46571.00,51766.00,56607.00,62109.00,69078.00,79582.00,35877.00,29993.00,33989.00,39517.00
CLX,Retained Earnings (Net Other),954.00,1194.00,1322.00,1421.00,1593.00,1897.00,2250.00,2548.00,2927.00,490.00,569.00
CMI,Retained Earnings (Net Other),6393.00,7622.00,8467.00,8974.00,9219.00,9961.00,11110.00,12388.00,13437.00,15170.00,16147.00
COP,Retained Earnings (Net Other),39425.00,43162.00,42602.00,30167.00,25355.00,23873.00,27947.00,34385.00,29995.00,35724.00,47029.00
COST,Retained Earnings (Net Other),7990.00,6161.00,7382.00,5397.00,6587.00,4974.00,6688.00,8822.00,11582.00,10529.00,13756.00
CSCO,Retained Earnings (Net Other),12015.00,16823.00,14770.00,16106.00,19070.00,20884.00,384.00,-6695.00,-3282.00,-1071.00,-2941.00
CSX,Retained Earnings (Net Other),7940.00,9413.00,10068.00,10573.00,10613.00,13598.00,11496.00,10729.00,11929.00,11222.00,9975.00
CVS,Retained Earnings (Net Other),24868.00,28344.00,31632.00,35148.00,38678.00,43391.00,41013.00,46127.00,51054.00,55871.00,54680.00
CVX,Retained Earnings (Net Other),153361.00,170098.00,180128.00,177287.00,169203.00,170517.00,177443.00,169955.00,154765.00,161657.00,187226.00
D,Retained Earnings (Net Other),4913.00,5859.00,5679.00,5984.00,6055.00,7277.00,7519.00,5783.00,2472.00,3915.00,5545.60
DPZ,Retained Earnings (Net Other),-1337.75,-1291.43,-1249.58,-1807.69,-1884.63,-2741.47,-3040.90,-3416.39,-3305.92,-4210.74,-4199.11
DUK,Retained Earnings (Net Other),1583.00,1964.00,1469.00,1758.00,2291.00,2946.00,3021.00,3978.00,2234.00,2962.00,2616.00
EBAY,Retained Earnings (Net Other),16854.00,20010.00,20071.00,8239.00,14835.00,14660.00,16957.00,18138.00,23577.00,36488.00,34574.00
EOG,Retained Earnings (Net Other),10615.53,12584.11,14740.04,9837.48,8379.11,10574.24,13541.77,15643.95,14157.64,15907.00,18464.00
EW,Retained Earnings (Net Other),1616.00,2018.00,2741.00,3154.20,3707.90,1829.40,2556.20,3585.60,4403.90,5910.40,7335.10
T,Retained Earnings (Net Other),27717.00,39021.00,35796.00,39005.00,39695.00,57517.00,63002.00,63406.00,41787.00,45879.00,-16649.00
GD,Retained Earnings (Net Other),15085.00,18243.00,18195.00,19918.00,21831.00,23624.00,25548.00,27414.00,29948.00,33500.00,35251.00
PEP,Retained Earnings (Net Other),37671.00,41293.00,38423.00,37153.00,38599.00,39782.00,44828.00,47646.00,47967.00,50267.00,52498.00
GILD,Retained Earnings (Net Other),3659.13,5980.80,13033.00,18089.00,18432.00,19177.00,19104.00,19473.00,14321.00,16407.00,15689.00
GM,Retained Earnings (Net Other),2005.00,10703.00,6504.00,12249.00,16838.00,9616.00,13283.00,15704.00,18474.00,32668.00,41350.00
HCA,Retained Earnings (Net Other),-11417.00,-9660.00,-7898.00,-7603.00,-7306.00,-6810.00,-4953.00,-2811.00,275.00,-936.00,-2770.00
HES,Retained Earnings (Net Other),17224.00,20897.00,18642.00,14973.00,8443.00,4911.00,3951.00,2836.00,-625.00,-27.00,1343.00
HII,Retained Earnings (Net Other),-1226.00,-285.00,-337.00,3.00,372.00,787.00,1321.00,1600.00,1986.00,2968.00,3677.00
HON,Retained Earnings (Net Other),16460.00,21201.00,21656.00,23612.00,25996.00,26020.00,30541.00,34496.00,36528.00,39932.00,41618.00
INTC,Retained Earnings (Net Other),31739.00,36720.00,34084.00,37674.00,40853.00,42945.00,49198.00,52243.00,55482.00,67385.00,69843.00
JNJ,Retained Earnings (Net Other),80182.00,86633.00,86523.00,90714.00,95650.00,88594.00,90994.00,94768.00,98648.00,110002.00,115378.00
LLY,Retained Earnings (Net Other),12291.10,14989.70,12490.90,11431.10,10772.30,8175.50,5666.70,-1603.20,1333.80,4615.40,6198.00
IPG,Retained Earnings (Net Other),450.30,453.30,546.60,592.00,841.80,1266.20,1459.00,1759.90,1756.70,2260.10,2671.70
MMM,Retained Earnings (Net Other),25929.00,28503.00,28028.00,30216.00,30662.00,32089.00,33770.00,33996.00,36100.00,39071.00,41277.00
MSFT,Retained Earnings (Net Other),566.00,11638.00,21418.00,11618.00,3819.00,3079.00,11495.00,23810.00,37752.00,58877.00,79603.00
NVDA,Retained Earnings (Net Other),3256.07,3509.62,3956.72,4346.00,6092.00,8769.00,12553.00,14972.00,18927.00,16224.00,10128.00
NVO,Retained Earnings (Net Other),7087.25,7767.78,6463.91,6760.33,6353.50,7964.41,7877.34,8578.59,10168.34,10751.61,11930.61
NFLX,Retained Earnings (Net Other),443.00,556.06,814.84,898.62,1080.04,1710.56,2922.78,4788.23,7617.54,12648.88,16963.99
PFE,Retained Earnings (Net Other),48287.00,66461.00,64861.00,62471.00,60738.00,75970.00,78279.00,86030.00,85082.00,97498.00,117352.00
VZ,Retained Earnings (Net Other),-1499.00,4140.00,3558.00,11796.00,17732.00,38294.00,45912.00,54145.00,60393.00,71066.00,80515.00
AZO,Retained Earnings (Net Other),-1185.21,-1499.72,-1658.03,-1668.26,-1909.72,-1896.94,-1444.63,-1574.67,-1805.22,-727.82,-1630.60
UNH,Retained Earnings (Net Other),31102.00,32139.00,32444.00,33791.00,38264.00,46063.00,51686.00,57600.00,65481.00,71750.00,77763.00
XOM,Retained Earnings (Net Other),353543.00,376707.00,389427.00,388933.00,385592.00,398278.00,402089.00,401848.00,367238.00,378295.00,419590.00
AAPL,PRETAX INCOME,55763.00,50155.00,53483.00,72515.00,61372.00,64089.00,72903.00,65737.00,67091.00,109207.00,119103.00
ABT,PRETAX INCOME,6274.61,2534.00,2531.00,3200.00,1433.00,2256.00,2873.00,4077.00,4968.00,8211.00,8306.00
ACN,PRETAX INCOME,3904.17,4339.29,4297.70,4410.53,5603.57,4616.03,5808.09,6251.80,6774.33,7761.12,9196.17
AEP,PRETAX INCOME,1866.00,2168.00,2580.00,2688.20,546.80,2898.60,2046.60,1906.90,2237.20,2603.60,2311.00
AMGN,PRETAX INCOME,5009.00,5265.00,5585.00,7978.00,9163.00,9597.00,9545.00,9138.00,8133.00,6701.00,7346.00
APTV,PRETAX INCOME,1372.00,1557.00,1722.00,1524.00,1460.00,1286.00,1357.00,1141.00,1871.00,710.00,711.00
ASML,PRETAX INCOME,1517.15,1410.25,1541.23,1681.65,1784.74,2920.38,3369.66,3124.16,4948.35,7852.78,7047.39
ATO,PRETAX INCOME,290.42,373.30,476.82,510.77,550.48,604.09,611.14,650.31,746.80,819.30,851.91
BA,PRETAX INCOME,5910.00,6232.00,7137.00,7155.00,5568.00,10047.00,11604.00,-2259.00,-14476.00,-5033.00,-5022.00
BKNG,PRETAX INCOME,1761.87,2296.54,2989.45,3128.32,2713.24,4398.32,4835.00,5958.00,567.00,1465.00,3923.00
BWA,PRETAX INCOME,761.00,869.30,980.10,926.80,190.50,1063.60,1195.90,1265.00,964.00,789.00,1318.00
CAT,PRETAX INCOME,8250.00,5122.00,5091.00,2855.00,133.00,4098.00,7846.00,7840.00,4009.00,8235.00,8771.00
DIS,PRETAX INCOME,9260.00,9620.00,12246.00,13868.00,14868.00,13788.00,14729.00,13944.00,-1743.00,2561.00,5285.00
CLX,PRETAX INCOME,791.00,853.00,861.00,921.00,983.00,1033.00,1054.00,1024.00,1185.00,900.00,607.00
CMI,PRETAX INCOME,2271.00,2119.00,2434.00,2025.00,1930.00,2365.00,2753.00,2834.00,2338.00,2751.00,2819.00
COP,PRETAX INCOME,15423.00,14446.00,9390.00,-7239.00,-5530.00,-2615.00,9973.00,9524.00,-3140.00,12712.00,28228.00
COST,PRETAX INCOME,2767.00,3051.00,3197.00,3604.00,3619.00,4039.00,4442.00,4765.00,5367.00,6680.00,7840.00
CSCO,PRETAX INCOME,10159.00,11227.00,9715.00,11201.00,12920.00,12287.00,13039.00,14571.00,13970.00,13262.00,14477.00
CSX,PRETAX INCOME,2964.00,2922.00,3044.00,3138.00,2741.00,3142.00,4304.00,4316.00,3627.00,4951.00,5414.00
CVS,PRETAX INCOME,6323.00,7528.00,7678.00,8616.00,8637.00,8268.00,1406.00,8997.00,9770.00,10420.00,5628.00
CVX,PRETAX INCOME,46332.00,35905.00,31202.00,4842.00,-2160.00,9221.00,20575.00,5536.00,-7453.00,21639.00,49674.00
D,PRETAX INCOME,497.00,2704.00,1778.00,2828.00,2867.00,3090.00,3129.00,1727.00,1411.00,3098.00,1053.00
DPZ,PRETAX INCOME,181.19,225.10,258.62,306.22,344.66,400.15,428.68,482.64,555.13,625.71,572.83
DUK,PRETAX INCOME,2451.00,3920.00,4134.00,4137.00,3734.00,4266.00,3073.00,4097.00,839.00,3764.00,4253.00
EBAY,PRETAX INCOME,3084.00,3466.00,3531.00,2406.00,3651.00,2276.00,2718.00,2207.00,3420.00,398.00,-1601.00
EOG,PRETAX INCOME,1280.74,3436.89,4995.32,-6921.56,-1557.51,661.18,4241.00,3545.27,-739.05,5933.00,9901.00
EW,PRETAX INCOME,391.10,515.30,1144.00,622.40,737.90,1034.90,761.40,1166.50,916.70,1702.00,1767.40
T,PRETAX INCOME,10439.00,27777.00,9960.00,20692.00,19812.00,15139.00,24873.00,18468.00,-2856.00,26947.00,-3094.00
GD,PRETAX INCOME,541.00,3607.00,3802.00,4102.00,4231.00,4077.00,4085.00,4202.00,3738.00,3873.00,4036.00
PEP,PRETAX INCOME,8304.00,8891.00,8757.00,7442.00,8553.00,9602.00,9189.00,9312.00,9069.00,9821.00,10705.00
GILD,PRETAX INCOME,3611.98,4208.22,14856.00,21659.00,17097.00,13529.00,7799.00,5160.00,1669.00,8278.00,5814.00
GM,PRETAX INCOME,-28695.00,7458.00,4246.00,7718.00,11684.00,11863.00,8549.00,7436.00,8095.00,12716.00,11597.00
HCA,PRETAX INCOME,2894.00,2946.00,3481.00,3957.00,4810.00,4381.00,5335.00,5244.00,5430.00,9833.00,8580.00
HES,PRETAX INCOME,3738.00,4493.00,2436.00,-4258.00,-3854.00,-5778.00,220.00,221.00,-2850.00,1490.00,3546.00
HII,PRETAX INCOME,241.00,394.00,507.00,632.00,784.00,772.00,971.00,683.00,810.00,622.00,719.00
HON,PRETAX INCOME,3875.00,5412.00,5818.00,6586.00,6447.00,6902.00,7487.00,7559.00,6012.00,7235.00,6379.00
INTC,PRETAX INCOME,14873.00,12611.00,15801.00,14212.00,12936.00,20352.00,23317.00,24058.00,25078.00,21703.00,7768.00
JNJ,PRETAX INCOME,13775.00,15471.00,20563.00,19196.00,19803.00,17673.00,17999.00,17328.00,16497.00,22776.00,21725.00
LLY,PRETAX INCOME,5408.20,5889.30,3000.30,2790.00,3374.00,2197.40,3795.70,5265.90,7229.90,6155.50,6806.40
IPG,PRETAX INCOME,677.90,470.10,721.90,763.30,830.50,876.90,836.90,878.70,362.20,1224.60,1274.50
MMM,PRETAX INCOME,6351.00,6562.00,7026.00,6823.00,7053.00,7548.00,7000.00,5712.00,6706.00,7214.00,6403.00
MSFT,PRETAX INCOME,22267.00,27052.00,27820.00,18507.00,19751.00,23149.00,36474.00,43688.00,53036.00,71102.00,83716.00
NVDA,PRETAX INCOME,662.04,510.25,754.84,743.00,1905.00,3196.00,3896.00,2970.00,4409.00,9941.00,4181.00
NVO,PRETAX INCOME,4916.65,6012.27,5541.00,6327.29,6783.52,7860.11,7302.95,7291.57,8593.99,9036.92,9922.82
NFLX,PRETAX INCOME,30.48,171.07,349.37,141.89,260.51,485.32,1226.46,2062.23,3199.35,5840.10,5263.93
PFE,PRETAX INCOME,12080.00,15716.00,12240.00,8965.00,8352.00,12304.00,11885.00,17682.00,7497.00,24310.00,34729.00
VZ,PRETAX INCOME,9897.00,29277.00,15270.00,28240.00,20986.00,20594.00,19623.00,22733.00,23967.00,29420.00,28271.00
AZO,PRETAX INCOME,1452.99,1587.68,1662.71,1802.61,1912.71,1925.49,1636.33,2031.33,2216.51,2749.19,3079.09
UNH,PRETAX INCOME,8622.00,8915.00,9656.00,10231.00,11863.00,14023.00,15944.00,17981.00,20742.00,22310.00,26343.00
XOM,PRETAX INCOME,78726.00,57711.00,51630.00,21966.00,7969.00,18674.00,30953.00,20056.00,-28883.00,31234.00,77753.00
AAPL,TOTAL LIABILITIES,57854.00,83451.00,120292.00,171124.00,193437.00,241272.00,258578.00,248028.00,258549.00,287912.00,302083.00
ABT,TOTAL LIABILITIES,40421.71,17686.00,19636.00,19921.00,31949.00,45152.00,36451.00,36586.00,39545.00,39172.00,37533.00
ACN,TOTAL LIABILITIES,12040.99,11439.22,11645.12,11618.49,12419.63,12979.69,13724.50,14962.19,19579.42,23078.73,24516.30
AEP,TOTAL LIABILITIES,39130.00,40328.00,42809.00,43778.20,46047.60,46403.60,49634.60,55870.50,59937.50,64945.20,69301.10
AMGN,TOTAL LIABILITIES,35238.00,44029.00,43231.00,43493.00,47751.00,54713.00,53916.00,50034.00,53539.00,54465.00,61460.00
APTV,TOTAL LIABILITIES,7346.00,7613.00,7733.00,9240.00,9529.00,8652.00,8810.00,9448.00,9422.00,9446.00,12790.00
ASML,TOTAL LIABILITIES,4408.85,6326.36,5677.01,5327.64,7793.16,9040.78,9726.94,11263.80,16154.58,22849.33,29379.30
ATO,TOTAL LIABILITIES,5136.43,5359.99,5508.47,5898.15,6547.83,6850.93,7104.49,7617.40,8567.83,11701.77,12773.90
BA,TOTAL LIABILITIES,82929.00,77666.00,90408.00,88011.00,89120.00,91921.00,116949.00,141925.00,170211.00,153398.00,152948.00
BKNG,TOTAL LIABILITIES,2457.83,3526.20,6373.54,8625.11,10018.83,14190.67,13902.00,15469.00,16981.00,17463.00,22579.00
BWA,TOTAL LIABILITIES,3254.70,3284.60,3537.10,5210.00,5532.80,5961.70,5750.50,4858.00,9305.00,9313.00,9486.00
CAT,TOTAL LIABILITIES,71774.00,64018.00,67855.00,63612.00,61491.00,63196.00,64429.00,63824.00,62946.00,66277.00,66052.00
DIS,TOTAL LIABILITIES,32940.00,33091.00,36008.00,39527.00,44710.00,50785.00,45766.00,100095.00,113286.00,110598.00,104752.00
CLX,TOTAL LIABILITIES,4490.00,4165.00,4104.00,4046.00,4221.00,4031.00,4334.00,4557.00,5305.00,5742.00,5429.00
CMI,TOTAL LIABILITIES,5574.00,6858.00,7683.00,7384.00,7837.00,9911.00,10803.00,11272.00,13635.00,14309.00,20074.00
COP,TOTAL LIABILITIES,68717.00,65565.00,64266.00,57402.00,54546.00,42561.00,37916.00,35464.00,32769.00,45255.00,45826.00
COST,TOTAL LIABILITIES,14622.00,19271.00,20509.00,22597.00,20831.00,25268.00,27727.00,29816.00,36851.00,41190.00,43519.00
CSCO,TOTAL LIABILITIES,40458.00,42063.00,48473.00,53774.00,58067.00,63681.00,65580.00,64222.00,56933.00,56222.00,54229.00
CSX,TOTAL LIABILITIES,21569.00,21278.00,21877.00,23371.00,23720.00,21018.00,24149.00,26394.00,26683.00,27031.00,29287.00
CVS,TOTAL LIABILITIES,28208.00,33588.00,36289.00,56415.00,57628.00,57436.00,137913.00,158279.00,161014.00,157618.00,156960.00
CVX,TOTAL LIABILITIES,95150.00,103326.00,109835.00,112217.00,113356.00,104487.00,98221.00,92220.00,107064.00,99595.00,97467.00
D,TOTAL LIABILITIES,35956.00,38197.00,42370.00,45195.00,54770.00,57215.00,55866.00,69790.00,69444.00,70672.00,76362.00
DPZ,TOTAL LIABILITIES,1813.72,1815.46,1838.75,2600.10,2599.44,3572.14,3947.31,4797.85,4867.57,5881.35,5791.29
DUK,TOTAL LIABILITIES,72822.00,73371.00,79810.00,81385.00,91720.00,96177.00,101558.00,110887.00,113204.00,118451.00,126275.00
EBAY,TOTAL LIABILITIES,16209.00,17841.00,25226.00,11209.00,13308.00,17918.00,16538.00,15304.00,15749.00,16848.00,15697.00
EOG,TOTAL LIABILITIES,14051.81,15155.78,17050.11,14032.21,15477.85,13549.81,14570.29,15483.89,15502.71,16056.00,16592.00
EW,TOTAL LIABILITIES,742.20,1165.50,1332.90,1556.20,1891.00,2739.60,2183.30,2339.80,2662.80,2666.70,2485.80
T,TOTAL LIABILITIES,179620.00,186305.00,205905.00,279032.00,279711.00,302090.00,337980.00,349735.00,346521.00,367767.00,296396.00
GD,TOTAL LIABILITIES,22919.00,20947.00,23526.00,21259.00,21896.00,23611.00,33676.00,35264.00,35647.00,32432.00,33017.00
PEP,TOTAL LIABILITIES,52239.00,53089.00,52961.00,57637.00,62930.00,68823.00,63046.00,63679.00,79366.00,76226.00,74914.00
GILD,TOTAL LIABILITIES,11688.97,10688.45,18830.00,32724.00,37614.00,49782.00,42141.00,38977.00,50186.00,46888.00,41962.00
GM,TOTAL LIABILITIES,112422.00,123170.00,141653.00,154197.00,177615.00,176282.00,184562.00,182080.00,185517.00,178903.00,191753.00
HCA,TOTAL LIABILITIES,36416.00,35759.00,37697.00,38790.00,39391.00,41588.00,42125.00,45623.00,44598.00,49253.00,52511.00
HES,TOTAL LIABILITIES,22238.00,17970.00,16258.00,13794.00,13030.00,10758.00,10545.00,12076.00,12486.00,13489.00,13199.00
HII,TOTAL LIABILITIES,5725.00,4704.00,4904.00,4534.00,4699.00,4616.00,4867.00,5443.00,6256.00,7819.00,7368.00
HON,TOTAL LIABILITIES,28638.00,27689.00,27448.00,30608.00,34596.00,41943.00,39408.00,39966.00,46789.00,45221.00,44949.00
INTC,TOTAL LIABILITIES,33148.00,34102.00,35179.00,41083.00,46219.00,53364.00,52981.00,58865.00,72053.00,73015.00,78817.00
JNJ,TOTAL LIABILITIES,56521.00,58630.00,61367.00,62261.00,70790.00,97143.00,93202.00,98257.00,111616.00,107995.00,110574.00
LLY,TOTAL LIABILITIES,19625.00,17608.00,21790.10,20978.60,24725.40,33313.10,32999.30,36587.00,40807.90,39651.20,38714.40
IPG,TOTAL LIABILITIES,10810.10,10405.10,10338.60,10331.40,10175.70,10207.30,13019.60,14761.60,15005.70,16304.40,15100.70
MMM,TOTAL LIABILITIES,15836.00,15602.00,18127.00,20971.00,22563.00,26365.00,26652.00,34533.00,34413.00,31955.00,31685.00
MSFT,TOTAL LIABILITIES,54908.00,63487.00,82600.00,96140.00,121697.00,168692.00,176130.00,184226.00,183007.00,191791.00,198298.00
NVDA,TOTAL LIABILITIES,1584.54,2794.50,2783.39,2901.00,4079.00,3770.00,3950.00,5111.00,11898.00,17575.00,19081.00
NVO,TOTAL LIABILITIES,4426.24,5130.73,5975.23,6523.29,7418.18,8483.36,9038.39,10214.92,13198.63,18930.72,22668.53
NFLX,TOTAL LIABILITIES,3223.22,4079.00,5198.94,7979.45,10906.81,15430.79,20735.64,26393.56,28215.12,28735.42,27817.37
PFE,TOTAL LIABILITIES,104120.00,95481.00,97652.00,102462.00,111775.00,100141.00,95664.00,104042.00,90756.00,104013.00,101288.00
VZ,TOTAL LIABILITIES,26956.00,27050.00,28064.00,35052.00,30340.00,33037.00,37930.00,44868.00,39660.00,47160.00,50171.00
AZO,TOTAL LIABILITIES,7813.66,8579.41,9139.72,9803.74,10387.33,10688.16,10867.34,11609.76,15301.85,16313.74,18813.96
UNH,TOTAL LIABILITIES,47586.00,48558.00,52540.00,75922.00,82621.00,87036.00,95994.00,111727.00,126750.00,135727.00,159358.00
XOM,TOTAL LIABILITIES,162135.00,166313.00,168429.00,159948.00,156484.00,154191.00,147668.00,163659.00,168620.00,163240.00,166594.00
AAPL,TOTAL CURRENT LIABILITIES,38542.00,43658.00,63448.00,80610.00,79006.00,100814.00,116866.00,105718.00,105392.00,125481.00,153982.00
ABT,TOTAL CURRENT LIABILITIES,13280.18,9507.00,10532.00,9186.00,6660.00,8912.00,9012.00,10863.00,11907.00,13105.00,15489.00
ACN,TOTAL CURRENT LIABILITIES,8109.21,8160.99,8158.08,8532.20,8878.92,9824.28,10151.75,11061.90,12662.59,15708.87,17523.50
AEP,TOTAL CURRENT LIABILITIES,6823.00,6112.00,7967.00,7108.50,9498.00,8271.30,8648.80,10299.10,9926.70,12426.70,14567.40
AMGN,TOTAL CURRENT LIABILITIES,8191.00,7947.00,7008.00,8667.00,11204.00,9020.00,13488.00,12835.00,11653.00,12184.00,15687.00
APTV,TOTAL CURRENT LIABILITIES,3659.00,3894.00,3889.00,3927.00,4148.00,3540.00,3694.00,4054.00,4046.00,4207.00,4865.00
ASML,TOTAL CURRENT LIABILITIES,2750.97,3952.73,3495.82,3374.08,3461.69,4017.63,4341.34,5267.64,7959.77,13986.83,19219.83
ATO,TOTAL CURRENT LIABILITIES,1275.95,978.49,910.65,1154.82,1788.28,1013.44,1915.13,1209.44,782.40,3510.36,3602.60
BA,TOTAL CURRENT LIABILITIES,44982.00,51486.00,56717.00,50412.00,50134.00,56269.00,81590.00,97312.00,87280.00,81992.00,90052.00
BKNG,TOTAL CURRENT LIABILITIES,1461.73,1381.75,1379.99,1439.31,2858.67,3497.87,3555.00,5366.00,3425.00,6246.00,8474.00
BWA,TOTAL CURRENT LIABILITIES,1603.10,1623.90,2168.20,2357.30,2091.80,2425.20,2398.90,2329.00,3810.00,3798.00,4236.00
CAT,TOTAL CURRENT LIABILITIES,29755.00,27297.00,27877.00,26303.00,26132.00,26931.00,28218.00,26621.00,25717.00,29847.00,31531.00
DIS,TOTAL CURRENT LIABILITIES,12813.00,11704.00,13292.00,16334.00,16842.00,19595.00,17860.00,31341.00,26628.00,31077.00,29073.00
CLX,TOTAL CURRENT LIABILITIES,2061.00,1134.00,1638.00,1405.00,1558.00,1809.00,1200.00,1440.00,1418.00,2056.00,1784.00
CMI,TOTAL CURRENT LIABILITIES,3136.00,3368.00,4021.00,3803.00,4325.00,5677.00,6384.00,6260.00,6335.00,7084.00,11421.00
COP,TOTAL CURRENT LIABILITIES,17443.00,15129.00,11537.00,9256.00,6909.00,9397.00,7395.00,7043.00,5366.00,12021.00,12847.00
COST,TOTAL CURRENT LIABILITIES,12260.00,13257.00,14412.00,16540.00,15575.00,17495.00,19926.00,23237.00,24844.00,29441.00,31998.00
CSCO,TOTAL CURRENT LIABILITIES,17731.00,22192.00,19809.00,23623.00,24911.00,27583.00,27035.00,31712.00,25331.00,26257.00,25640.00
CSX,TOTAL CURRENT LIABILITIES,2627.00,2424.00,2107.00,1952.00,2040.00,1894.00,1915.00,2151.00,2019.00,2233.00,2471.00
CVS,TOTAL CURRENT LIABILITIES,13790.00,15425.00,19027.00,23169.00,26250.00,30648.00,44009.00,53303.00,62017.00,67807.00,69736.00
CVX,TOTAL CURRENT LIABILITIES,34212.00,33018.00,31926.00,26464.00,31785.00,27737.00,27171.00,26530.00,22183.00,26791.00,34208.00
D,TOTAL CURRENT LIABILITIES,7763.00,6994.00,7198.00,8120.00,8115.00,9636.00,7647.00,9939.00,10843.00,8673.00,13450.00
DPZ,TOTAL CURRENT LIABILITIES,229.50,254.61,265.61,375.98,403.70,398.29,379.74,453.83,470.82,590.74,536.62
DUK,TOTAL CURRENT LIABILITIES,10029.00,8644.00,11233.00,11400.00,11551.00,12482.00,15041.00,14752.00,16305.00,15931.00,18873.00
EBAY,TOTAL CURRENT LIABILITIES,10924.00,12639.00,17531.00,2263.00,3847.00,3539.00,4454.00,4066.00,4002.00,4622.00,4271.00
EOG,TOTAL CURRENT LIABILITIES,2924.06,2861.72,3384.31,1819.29,2027.29,2725.54,3728.36,4486.99,3460.10,4042.00,5513.00
EW,TOTAL CURRENT LIABILITIES,347.40,345.60,434.40,476.20,532.50,1402.90,876.60,902.40,893.90,1032.30,1022.40
T,TOTAL CURRENT LIABILITIES,31787.00,34995.00,37282.00,47816.00,50576.00,81389.00,64420.00,68911.00,63438.00,85588.00,56173.00
GD,TOTAL CURRENT LIABILITIES,11620.00,12194.00,13751.00,12445.00,12846.00,13099.00,14739.00,16801.00,15964.00,13978.00,15341.00
PEP,TOTAL CURRENT LIABILITIES,17089.00,17839.00,18092.00,17578.00,21135.00,20502.00,22138.00,20461.00,23372.00,26220.00,26785.00
GILD,TOTAL CURRENT LIABILITIES,4270.02,6325.42,5761.00,9891.00,9219.00,11635.00,10605.00,9759.00,11397.00,11610.00,11237.00
GM,TOTAL CURRENT LIABILITIES,53992.00,62412.00,65701.00,71466.00,85181.00,76890.00,82237.00,84905.00,79910.00,74408.00,91174.00
HCA,TOTAL CURRENT LIABILITIES,6172.00,5695.00,5480.00,5516.00,5834.00,6158.00,7569.00,7757.00,8704.00,9582.00,9902.00
HES,TOTAL CURRENT LIABILITIES,8382.00,6558.00,4851.00,2628.00,2251.00,2435.00,2203.00,2510.00,1623.00,3064.00,2396.00
HII,TOTAL CURRENT LIABILITIES,1384.00,1392.00,1312.00,1274.00,1343.00,1391.00,1829.00,1890.00,2226.00,2427.00,2895.00
HON,TOTAL CURRENT LIABILITIES,13045.00,14181.00,14773.00,18371.00,16331.00,18861.00,18924.00,18098.00,19197.00,19508.00,19938.00
INTC,TOTAL CURRENT LIABILITIES,12898.00,13568.00,16019.00,15667.00,20302.00,17421.00,16626.00,22310.00,24754.00,27462.00,32155.00
JNJ,TOTAL CURRENT LIABILITIES,24262.00,25675.00,25085.00,27747.00,26287.00,30537.00,31230.00,35964.00,42493.00,45226.00,55802.00
LLY,TOTAL CURRENT LIABILITIES,8389.50,8916.60,11207.50,8229.60,10986.60,14535.90,11888.10,11775.20,12481.60,15052.70,17138.20
IPG,TOTAL CURRENT LIABILITIES,7701.70,8165.30,7463.30,7584.30,7706.00,7678.20,8123.90,9420.40,9580.50,10890.00,9983.20
MMM,TOTAL CURRENT LIABILITIES,6200.00,7498.00,5998.00,7118.00,6219.00,7687.00,7244.00,9222.00,7948.00,9035.00,9523.00
MSFT,TOTAL CURRENT LIABILITIES,32688.00,37417.00,45625.00,49858.00,59357.00,64527.00,58488.00,69420.00,72310.00,88657.00,95082.00
NVDA,TOTAL CURRENT LIABILITIES,976.22,945.50,896.03,2351.00,1788.00,1153.00,1329.00,1784.00,3925.00,4335.00,6563.00
NVO,TOTAL CURRENT LIABILITIES,3825.33,4476.08,5474.86,5947.50,6732.14,7597.89,8307.40,8857.92,11366.93,15222.04,17376.65
NFLX,TOTAL CURRENT LIABILITIES,1675.93,2154.20,2663.15,3529.62,4586.66,5466.31,6487.32,6855.70,7805.79,8488.97,7930.97
PFE,TOTAL CURRENT LIABILITIES,28619.00,23366.00,21631.00,29399.00,31115.00,30427.00,31858.00,37304.00,25920.00,42671.00,42138.00
VZ,TOTAL CURRENT LIABILITIES,139689.00,178682.00,219032.00,226798.00,220148.00,212456.00,210119.00,228892.00,247209.00,283396.00,287217.00
AZO,TOTAL CURRENT LIABILITIES,3655.59,4169.15,4541.09,4712.87,4690.32,4766.30,5028.68,5512.14,6283.09,7369.75,8588.39
UNH,TOTAL CURRENT LIABILITIES,27116.00,27881.00,30623.00,42898.00,49252.00,50463.00,53209.00,61782.00,72420.00,78292.00,89237.00
XOM,TOTAL CURRENT LIABILITIES,64139.00,71724.00,64633.00,53976.00,47638.00,57771.00,57138.00,63989.00,56363.00,56643.00,69045.00
AAPL,Mkt. Val. Equity / Book Val. Equity,5.30,3.47,5.30,5.16,4.70,5.89,10.02,11.00,30.09,36.84,43.48
ABT,Mkt. Val. Equity / Book Val. Equity,3.87,2.36,3.15,3.12,2.76,3.22,4.16,4.92,5.92,6.94,5.20
ACN,Mkt. Val. Equity / Book Val. Equity,9.41,9.27,8.89,9.63,9.45,8.99,10.42,8.74,8.95,10.89,8.24
AEP,Mkt. Val. Equity / Book Val. Equity,1.36,1.42,1.77,1.60,1.78,1.98,1.94,2.38,2.01,2.00,2.04
AMGN,Mkt. Val. Equity / Book Val. Equity,3.42,3.90,4.70,4.36,3.61,4.98,9.81,14.74,14.13,18.75,38.31
APTV,Mkt. Val. Equity / Book Val. Equity,5.14,6.33,8.45,10.60,7.57,6.84,4.63,6.35,4.45,5.35,2.87
ASML,Mkt. Val. Equity / Book Val. Equity,4.89,4.33,5.14,4.17,4.66,5.79,4.92,8.79,12.16,27.79,22.90
ATO,Mkt. Val. Equity / Book Val. Equity,1.37,1.50,1.55,1.85,2.24,2.28,2.19,2.36,1.77,1.48,1.52
BA,Mkt. Val. Equity / Book Val. Equity,9.71,6.86,10.60,15.22,117.60,491.00,540.01,-21.28,-6.81,-7.91,-7.17
BKNG,Mkt. Val. Equity / Book Val. Equity,7.94,8.75,6.91,7.19,7.34,7.48,8.95,14.34,18.65,15.95,27.43
BWA,Mkt. Val. Equity / Book Val. Equity,2.69,3.58,3.44,2.67,2.60,2.90,1.71,1.90,1.44,1.56,1.30
CAT,Mkt. Val. Equity / Book Val. Equity,3.35,2.78,3.31,2.67,4.14,6.88,5.21,5.57,6.47,6.72,7.80
DIS,Mkt. Val. Equity / Book Val. Equity,1.56,2.28,2.48,3.12,2.50,3.61,1.76,1.68,1.47,1.57,2.21
CLX,Mkt. Val. Equity / Book Val. Equity,-69.54,74.24,76.44,113.38,60.27,31.72,23.84,34.43,30.49,53.75,31.23
CMI,Mkt. Val. Equity / Book Val. Equity,3.09,3.48,3.37,2.07,3.33,4.02,2.87,3.59,4.16,3.67,3.82
COP,Mkt. Val. Equity / Book Val. Equity,1.47,1.66,1.64,1.45,1.77,2.11,2.22,2.02,1.43,2.07,3.01
COST,Mkt. Val. Equity / Book Val. Equity,3.42,4.51,4.31,5.78,5.87,6.36,7.98,8.50,8.39,11.46,11.20
CSCO,Mkt. Val. Equity / Book Val. Equity,1.65,2.33,2.27,2.42,2.42,2.37,4.52,7.01,5.26,5.66,4.69
CSX,Mkt. Val. Equity / Book Val. Equity,2.24,2.77,3.22,2.15,2.86,3.33,4.05,4.72,5.28,6.14,5.08
CVS,Mkt. Val. Equity / Book Val. Equity,1.58,2.23,2.89,2.89,2.27,1.95,1.46,1.52,1.29,1.82,1.71
CVX,Mkt. Val. Equity / Book Val. Equity,1.54,1.60,1.36,1.11,1.53,1.61,1.34,1.57,1.24,1.63,2.16
D,Mkt. Val. Equity / Book Val. Equity,2.82,3.23,3.89,3.18,3.29,3.05,2.42,2.34,2.55,2.49,1.83
DPZ,Mkt. Val. Equity / Book Val. Equity,-1.84,-3.01,-4.29,-3.08,-4.07,-2.96,-3.34,-3.35,-4.52,-4.85,-2.93
DUK,Mkt. Val. Equity / Book Val. Equity,1.10,1.18,1.45,1.24,1.32,1.41,1.43,1.49,1.53,1.70,1.67
EBAY,Mkt. Val. Equity / Book Val. Equity,3.16,3.00,3.45,4.95,3.06,4.82,4.09,10.02,9.65,4.04,4.34
EOG,Mkt. Val. Equity / Book Val. Equity,2.47,2.97,2.85,3.01,4.17,3.83,2.61,2.25,1.43,2.34,3.07
EW,Mkt. Val. Equity / Book Val. Equity,6.97,4.61,6.27,6.80,7.57,8.00,10.13,11.76,12.45,13.85,7.82
T,Mkt. Val. Equity / Book Val. Equity,2.04,2.02,2.02,1.72,2.12,1.70,1.13,1.54,1.27,1.06,1.35
GD,Mkt. Val. Equity / Book Val. Equity,2.15,2.33,3.86,4.00,4.76,5.28,3.87,3.76,2.72,3.28,3.67
PEP,Mkt. Val. Equity / Book Val. Equity,4.71,5.23,8.09,12.18,13.52,15.70,10.72,12.86,15.21,14.98,14.51
GILD,Mkt. Val. Equity / Book Val. Equity,5.99,10.14,9.16,7.76,4.97,4.58,3.75,3.65,4.01,4.32,5.04
GM,Mkt. Val. Equity / Book Val. Equity,1.52,1.55,1.58,1.28,1.19,1.64,1.21,1.23,1.30,1.47,0.70
HCA,Mkt. Val. Equity / Book Val. Equity,-1.38,-2.54,-3.91,-3.55,-3.76,-4.52,-8.62,-17.82,97.59,-84.12,-24.06
HES,Mkt. Val. Equity / Book Val. Equity,0.86,1.09,0.95,0.72,1.36,1.35,1.23,2.33,3.02,3.64,5.53
HII,Mkt. Val. Equity / Book Val. Equity,3.22,2.89,3.98,3.99,5.15,6.05,5.26,6.45,3.63,2.66,2.64
HON,Mkt. Val. Equity / Book Val. Equity,3.83,4.10,4.43,4.36,4.55,6.67,5.30,6.81,8.45,7.69,8.57
INTC,Mkt. Val. Equity / Book Val. Equity,1.99,2.21,3.08,2.67,2.59,3.14,2.84,3.31,2.50,2.20,1.08
JNJ,Mkt. Val. Equity / Book Val. Equity,3.01,3.49,4.17,3.98,4.43,6.23,5.75,6.46,6.55,6.08,6.01
LLY,Mkt. Val. Equity / Book Val. Equity,3.65,3.09,4.76,6.10,5.52,7.65,11.86,45.75,27.13,27.80,30.92
IPG,Mkt. Val. Equity / Book Val. Equity,2.09,3.39,4.06,4.78,4.55,3.51,3.31,3.22,3.18,4.19,3.53
MMM,Mkt. Val. Equity / Book Val. Equity,3.63,5.32,7.96,7.84,10.35,12.11,11.22,10.08,7.85,6.75,4.47
MSFT,Mkt. Val. Equity / Book Val. Equity,3.86,3.64,3.83,4.43,5.55,7.34,9.15,10.01,13.02,14.35,11.51
NVDA,Mkt. Val. Equity / Book Val. Equity,1.57,2.00,2.37,3.53,11.09,19.94,9.33,11.86,19.07,23.06,21.80
NVO,Mkt. Val. Equity / Book Val. Equity,12.33,12.44,16.76,21.65,13.98,16.31,13.87,15.74,15.77,23.59,25.39
NFLX,Mkt. Val. Equity / Book Val. Equity,6.91,16.46,11.11,22.02,19.87,23.23,22.31,18.73,21.64,16.88,6.32
PFE,Mkt. Val. Equity / Book Val. Equity,2.25,2.57,2.75,3.08,3.31,3.04,3.94,3.44,3.24,4.30,3.01
VZ,Mkt. Val. Equity / Book Val. Equity,3.73,3.62,15.81,11.46,9.66,5.01,4.37,4.14,3.58,2.67,1.82
AZO,Mkt. Val. Equity / Book Val. Equity,-8.65,-8.54,-10.73,-12.90,-12.08,-10.30,-12.98,-15.45,-31.85,-18.22,-11.45
UNH,Mkt. Val. Equity / Book Val. Equity,1.77,2.31,2.97,3.31,3.98,4.47,4.63,4.84,5.07,6.59,6.37
XOM,Mkt. Val. Equity / Book Val. Equity,2.35,2.52,2.23,1.90,2.24,1.89,1.51,1.54,1.11,1.54,2.31
AAPL,TOTAL SHAREHOLDERS' EQUITY,118210.00,123549.00,111547.00,119355.00,128249.00,134047.00,107147.00,90488.00,65339.00,63090.00,50672.00
ABT,TOTAL SHAREHOLDERS' EQUITY,26720.96,25171.00,21526.00,21211.00,20538.00,30897.00,30524.00,31088.00,32784.00,35802.00,36686.00
ACN,TOTAL SHAREHOLDERS' EQUITY,4145.83,4960.19,5732.04,6133.73,7555.26,8949.48,10364.75,14409.01,17000.54,19529.45,22106.10
AEP,TOTAL SHAREHOLDERS' EQUITY,15237.00,16085.00,16820.00,17891.70,17397.00,18298.90,19067.80,19675.10,20596.10,22476.50,23939.30
AMGN,TOTAL SHAREHOLDERS' EQUITY,19060.00,22096.00,25778.00,28083.00,29875.00,25241.00,12500.00,9673.00,9409.00,6700.00,3661.00
APTV,TOTAL SHAREHOLDERS' EQUITY,2345.00,2911.00,2510.00,2250.00,2401.00,3299.00,3459.00,3819.00,7905.00,8347.00,8809.00
ASML,TOTAL SHAREHOLDERS' EQUITY,5362.61,9538.41,9090.99,9109.43,10362.57,12834.93,13327.75,14130.75,16713.16,11533.17,9416.47
ATO,TOTAL SHAREHOLDERS' EQUITY,2359.24,2580.41,3086.23,3194.80,3463.06,3898.67,4769.95,5750.22,6791.20,7906.89,9419.09
BA,TOTAL SHAREHOLDERS' EQUITY,5867.00,14875.00,8665.00,6335.00,817.00,355.00,339.00,-8617.00,-18316.00,-14999.00,-15883.00
BKNG,TOTAL SHAREHOLDERS' EQUITY,3951.63,6918.26,8567.02,8795.47,9820.14,11260.60,8785.00,5933.00,4893.00,6178.00,2782.00
BWA,TOTAL SHAREHOLDERS' EQUITY,3082.60,3560.60,3616.20,3553.70,3218.30,3716.80,4225.50,4706.00,6428.00,6948.00,7224.00
CAT,TOTAL SHAREHOLDERS' EQUITY,17532.00,20811.00,16746.00,14809.00,13137.00,13697.00,14039.00,14588.00,15331.00,16484.00,15869.00
DIS,TOTAL SHAREHOLDERS' EQUITY,41958.00,48150.00,48178.00,48655.00,47323.00,45004.00,52832.00,93889.00,88263.00,93011.00,98879.00
CLX,TOTAL SHAREHOLDERS' EQUITY,-135.00,146.00,154.00,118.00,297.00,542.00,726.00,559.00,908.00,411.00,556.00
CMI,TOTAL SHAREHOLDERS' EQUITY,6603.00,7510.00,7749.00,7406.00,6875.00,7259.00,7348.00,7507.00,8062.00,8474.00,8975.00
COP,TOTAL SHAREHOLDERS' EQUITY,47987.00,52090.00,51911.00,39762.00,34974.00,30607.00,31939.00,34981.00,29849.00,45406.00,48003.00
COST,TOTAL SHAREHOLDERS' EQUITY,12361.00,10833.00,12303.00,10617.00,12079.00,10778.00,12799.00,15243.00,18284.00,17564.00,20642.00
CSCO,TOTAL SHAREHOLDERS' EQUITY,51286.00,59120.00,56654.00,59698.00,63586.00,66137.00,43204.00,33571.00,37920.00,41275.00,39773.00
CSX,TOTAL SHAREHOLDERS' EQUITY,8988.00,10483.00,11152.00,11652.00,11679.00,14705.00,12563.00,11848.00,13101.00,13490.00,12615.00
CVS,TOTAL SHAREHOLDERS' EQUITY,37704.00,37938.00,37958.00,37196.00,36830.00,37691.00,58225.00,63864.00,69389.00,75075.00,71015.00
CVX,TOTAL SHAREHOLDERS' EQUITY,136524.00,149113.00,155028.00,152716.00,145556.00,148124.00,154554.00,144213.00,131688.00,139067.00,159282.00
D,TOTAL SHAREHOLDERS' EQUITY,10825.00,11899.00,11555.00,12664.00,14605.00,17142.00,20107.00,31994.00,26117.00,28918.00,27881.00
DPZ,TOTAL SHAREHOLDERS' EQUITY,-1335.52,-1290.20,-1219.47,-1800.25,-1883.14,-2735.38,-3039.92,-3415.76,-3300.41,-4209.54,-4189.07
DUK,TOTAL SHAREHOLDERS' EQUITY,40956.00,41330.00,40875.00,39727.00,41033.00,41739.00,43817.00,46822.00,47964.00,49296.00,49441.00
EBAY,TOTAL SHAREHOLDERS' EQUITY,20865.00,23647.00,19906.00,6576.00,10539.00,8063.00,6281.00,2870.00,3561.00,9778.00,5153.00
EOG,TOTAL SHAREHOLDERS' EQUITY,13284.76,15418.46,17712.58,12943.04,13981.58,16283.27,19364.19,21640.72,20301.89,22180.00,24779.00
EW,TOTAL SHAREHOLDERS' EQUITY,1479.30,1559.20,2191.40,2503.10,2619.00,2956.20,3140.40,4148.30,4574.30,5835.90,5806.70
T,TOTAL SHAREHOLDERS' EQUITY,92362.00,90988.00,86370.00,122671.00,123135.00,140861.00,184089.00,184221.00,161673.00,166332.00,97500.00
GD,TOTAL SHAREHOLDERS' EQUITY,11390.00,14501.00,11829.00,10738.00,10976.00,11435.00,11732.00,13577.00,15661.00,17641.00,18568.00
PEP,TOTAL SHAREHOLDERS' EQUITY,22294.00,24279.00,17438.00,11923.00,11095.00,10889.00,14518.00,14786.00,13454.00,16043.00,17149.00
GILD,TOTAL SHAREHOLDERS' EQUITY,9309.74,11432.90,15441.00,18536.00,18887.00,20442.00,21387.00,22525.00,18202.00,21069.00,21240.00
GM,TOTAL SHAREHOLDERS' EQUITY,36244.00,42607.00,35457.00,39871.00,43836.00,35001.00,38860.00,41792.00,45030.00,59744.00,67792.00
HCA,TOTAL SHAREHOLDERS' EQUITY,-9660.00,-8270.00,-7894.00,-7599.00,-7302.00,-6806.00,-4950.00,-2808.00,572.00,-933.00,-2767.00
HES,TOTAL SHAREHOLDERS' EQUITY,21090.00,24720.00,22205.00,19386.00,14534.00,11051.00,9629.00,8732.00,5366.00,6300.00,7855.00
HII,TOTAL SHAREHOLDERS' EQUITY,667.00,1521.00,1365.00,1490.00,1653.00,1758.00,1516.00,1588.00,1901.00,2808.00,3489.00
HON,TOTAL SHAREHOLDERS' EQUITY,12975.00,17467.00,17657.00,18283.00,19369.00,17276.00,18180.00,18494.00,17549.00,18569.00,16697.00
INTC,TOTAL SHAREHOLDERS' EQUITY,51203.00,58256.00,56777.00,61982.00,67108.00,69885.00,74982.00,77659.00,81038.00,95391.00,101423.00
JNJ,TOTAL SHAREHOLDERS' EQUITY,64826.00,74053.00,69752.00,71150.00,70418.00,60160.00,59752.00,59471.00,63278.00,74023.00,76804.00
LLY,TOTAL SHAREHOLDERS' EQUITY,14765.20,17631.40,15373.20,14571.30,14007.70,11592.20,9828.70,2606.90,5641.60,8979.20,10649.80
IPG,TOTAL SHAREHOLDERS' EQUITY,2420.60,2215.20,2116.30,1965.50,2017.10,2201.00,2393.20,2775.90,2895.00,3526.00,3647.90
MMM,TOTAL SHAREHOLDERS' EQUITY,17575.00,17502.00,13109.00,11708.00,10298.00,11563.00,9796.00,10063.00,12867.00,15046.00,14722.00
MSFT,TOTAL SHAREHOLDERS' EQUITY,66363.00,78944.00,89784.00,80083.00,71997.00,72394.00,82718.00,102330.00,118304.00,141988.00,166542.00
NVDA,TOTAL SHAREHOLDERS' EQUITY,4827.70,4456.40,4417.98,4469.00,5762.00,7471.00,9342.00,12204.00,16893.00,26612.00,22101.00
NVO,TOTAL SHAREHOLDERS' EQUITY,7183.24,7865.52,6548.25,6834.54,6424.60,8043.37,7950.81,8649.17,10243.07,10821.36,11995.26
NFLX,TOTAL SHAREHOLDERS' EQUITY,744.67,1333.56,1857.71,2223.43,2679.80,3581.96,5238.77,7582.16,11065.24,15849.25,20777.40
PFE,TOTAL SHAREHOLDERS' EQUITY,81260.00,76307.00,71301.00,64720.00,59544.00,71308.00,63407.00,63143.00,63238.00,77201.00,95661.00
VZ,TOTAL SHAREHOLDERS' EQUITY,33157.00,38836.00,12298.00,16428.00,22524.00,43096.00,53145.00,61395.00,67842.00,81790.00,91144.00
AZO,TOTAL SHAREHOLDERS' EQUITY,-1548.03,-1687.32,-1621.86,-1701.39,-1787.54,-1428.38,-1520.36,-1713.85,-877.98,-1797.54,-3538.91
UNH,TOTAL SHAREHOLDERS' EQUITY,31178.00,32149.00,32454.00,33830.00,38274.00,47776.00,51696.00,57616.00,65491.00,71760.00,77772.00
XOM,TOTAL SHAREHOLDERS' EQUITY,165863.00,174003.00,174399.00,170811.00,167325.00,187688.00,191794.00,191650.00,157150.00,168577.00,195049.00
